2000,Albert Schweitzer Tribute
2000,Superbowl Fundraiser
2000,How About Dinner and a Movie: Cries of Silence
2000,Evolution D'Amour
2000,Oscar Night America 2000
2000,Frank Wilderhorn: The CIvil War Composer (Fundraiser)
2000,Everybody's Talkin' - Mosaic Youth Theatre of Detroit
2000,27th Annual Achitecture Awards
2000,Winter Sleeps
2000,Croupier
2000,The Mupper Movie
2000,Private Confessions
2000,Old Yeller
2000,Mockingbird Theatre - NeST festival
2000,The Terrorist
2000,Willy Wonka and the Chocolate Factory
2000,The Gold Rush
2000,Benji
2000,Onegin
2000,The Jungle Book
2000,"Dwight Yoakam's South of Heaven, West of Hell"
2000,West Beirut
2000,The Grand Illusion
2000,The Wizard of Oz
2000,Jules and Jim
2000,The Wizard of Oz
2000,The Dark Side of the Rainbow
2000,Friends Seen and Unseen (Documentary about Prophet Omega)
2000,The 400 Blows
2000,West Beirut
2000,The Dark Side of the Rainbow
2000,42 Up
2000,Chuck and Buck
2000,Beau Travail
2000,All Over Again 
2000,The Discreet Charm of the Bourgeoisie
2000,"Jacob Young Film Fest (American Breakdown, The Dancing Outlaw, The Amazing Delores)"
2000,Cecil B. Demented
2000,The Third Man
2000,L'Humanite
2000,Fever Pitch
2000,The Discreet Charm of the Bourgeoisie
2000,Peeping Tom
2000,The Edge of the World
2000,The Interview
2000,Set Me Free
2000,The Gift of Make Believe with Ginger Sands
2000,The Wedding Fundraiser (for Mockingbird Theatre)
2000,Dancer in the Dark
2000,Love and Sex
2000,The Florentine
2000,Mockingbird Theatre: Three Days of Rain
2000,Au Hazard Balthazar
2000,Bittersweet Motel
2000,Belcourt Halloween Party
2000,Abbott and Costello Meet Frankstein 
2000,Abbott and Costello Meet the Invisible Man
2000,Homeland (A PBS Premiere)
2000,Incident at Ogala
2000,Grand Avenue
2000,Robbie Robertson: Going Home
2000,NAMMY Highlights
2000,Aimee and Jaguar
2000,Urban Elephant
2000,Cannes International Advertising Film Festival
2000,Requiem for a Dream
2000,Goya in Bordeaux
2000,Mockingbird Theatre: Christmas with Mockingbird
2000,Love Letters (Play)
2000,Place Vendome
2000,Pan Tadeusz
2000,Pola X
2001,The Sorrow and the Pity
2001,Venus Beauty Institute
2001,Ravaged (rental screening)
2001,Nashville Shakespeare Festival:The Complete Works of William Shakespeare
2001,Topsy Turvy
2001,Nashville Opera Preview Talk: Mikado
2001,Me and Isaac Newton
2001,Orson Welles' The Trial
2001,Before Night Falls
2001,Left Luggage
2001,Rififi
2001,How About Dinner and a Movie? - Songcatcher
2001,Blue Moon
2001,Solas
2001,Rental: Restoration: God's Promise to You
2001,A Time for Drunken Horses
2001,Encounter
2001,Benjamin Smoke
2001,Oscar Night
2001,Barton Fink
2001,Raising Arizona
2001,Dancer in the Dark
2001,Last Resort
2001,"BANFF Mountain Film Fest, The Fly, Naked Lunch, Last Resort"
2001,The Fly
2001,Naked Lunch
2001,Opera Clips: A preview talk on Otello
2001,When Brendan Met Trudy
2001,Ratcatcher
2001,How Green Was My Valley
2001,My Darling Clementine
2001,Yi-Yi
2001,The Princess Bride
2001,George Washington
2001,Titus
2001,AthensSouth Theatre: A Rose By Any Other Name
2001,Too Much Sleep
2001,People's Branch Theatre: The Zoo Story/ Krapp's Last Tape
2001,Titus
2001,Bringing Up Baby
2001,Series 7: The Contenders
2001,Gentlemen Prefer Blondes
2001,The Seven Year Itch
2001,Heidi
2001,Belcourt 1 year Birthday Bash
2001,The Center of the World
2001,Bringing Up Baby
2001,Existo
2001,Mockingbird Theatre: New Southern Theatre
2001,Boone & Crocket: The Hunter Heroes
2001,My Name is Goodtime Charlie
2001,The Day I Became a Woman
2001,Existo
2001,The Gleaners and I 
2001,I Am Cuba
2001,Atlantis (1991)
2001,It Happened Here
2001,The Apartment
2001,Irma La Douce
2001,Les Mistons (short)
2001,Bon Voyage (short)
2001,Aventure Malgache (short)
2001,Cyrano de Bergerac
2001,Bonnie and Clyde
2001,Woman in the Dunes
2001,Maborosi No Hikari
2001,Badlands
2001,The Wild Bunch
2001,Antonia Gaudi
2001,Little Shop of Horrors
2001,Village of Dreams
2001,"South of Heaven, West of Hell"
2001,"New York, New York"
2001,Tabu
2001,Elvis: That's The Way It Is
2001,Chac: Deios de la lluvia
2001,Quadrophenia
2001,Why Has the Bodhi-Dharma Left for the East?
2001,Guys and Dolls
2001,Tabu
2001,Guys and Dolls
2001,The King is Alive
2001,To Have and Have Not
2001,West Side Story
2001,The Celebration
2001,The Philadelphia Story
2001,To Have and Have Not
2001,The Circle
2001,All About Eve
2001,Monty Python and the Holy Grail
2001,Baise-Moi
2001,How to Steal a Million
2001,How to Steal a Million
2001,Who's Afraid of Virginia Woolf?
2001,Adanggaman
2001,Jump Tomorrow
2001,The Man Who Bought Mustique
2001,Lolita
2001,Lumumba
2001,The Turadot Project
2001,Paths of Glory
2001,Cure
2001,Full Metal Jacket
2001,Henry V
2001,A Clockwork Orange
2001,The Shining
2001,Vampire Hunter D: Bloodlust
2001,Wet Hot American Summer
2001,The Thin Red Line
2001,The 3 Little Wolfs 
2001,Peace of Mind
2001,All My Loved Ones
2001,Left Luggage
2001,The Life and Times of Hank Greenberg
2001,A Letter without Words
2001,Silence
2001,Gallipoli
2001,Session 9
2001,Fighter
2001,Audition
2001,Patton
2001,Casablanca
2001,Downtown 81
2001,Manhattan
2001,National Lampoon's Christmas Vacation
2001,Lisa Picard is Famous
2001,A Christmas Story
2001,Sleeper
2001,National Lampoon's Christmas Vacation
2001,"Tennessee Repetory Theatre: Two Plays by David Sedaris, Season's Greetings, The Santaland Diaries.  "
2001,Aberdeen
2001,A Christmas in Connecticut
2001,Zelig
2001,Hannah and Her Sisters
2001,It's a Wonderful Life
2001,Open Your Eyes
2001,Crimes and Misdemeanors
,Viva Las Vegas
2002,The Maltese Falcon
2002,Bob Le Flambeur
2002,Sunset Boulevard
2002,The Witches
2002,Laurel and Hardy Film Shorts
2002,Out of the Past
2002,Fat Girl
2002,Rocky Horror Picture Show
2002,The Big Sleep
2002,Donnie Darko
2002,Startup.com
2002,Superbowl Commercials
2002,The Man Who Shot Liberty Valence
2002,Va Savior
2002,An Affair to Remember
2002,Jin-Roh: The Wolf Brigade
2002,Tophat
2002,Intimacy
2002,A Streetcar Named Desire
2002,The Rocky Horror Picture Show
2002,Mullet Men
2002,How About Dinner and A Movie? A Park Center Benefit
2002,The Business of Strangers
2002,It Happened One Night
2002,Mulholland Drive
2002,Gosford Park
2002,Journey to Durban
2002,Oscar Night America
2002,"Scotland, PA"
2002,That Obscure Object of Desire
2002,From Here to Eternity
2002,No Man's Land
2002,What Time is it There?
2002,On the Waterfront
2002,Life and Debt
2002,Trembling before G-d
2002,The Rocky Horror Picture Show
2002,Trouble Every Day
2002,The Blue Angel
2002,The Last Waltz
2002,The Earth Will Swallow You
2002,Code Unknown
2002,The Rocky Horror Picture Show
2002,Esther Kahn
2002,M*A*S*H*
2002,"Steamboat Bill, Jr. Live score by Asylum Street Spankers"
2002,Insomnia
2002,McCabe & Mrs. Miller
2002,Metropolis (2001)
2002,The Long Goodbye
2002,Jabberwocky
2002,Wendingo
2002,California Split
2002,The Rocky Horror Picture Show
2002,The Renegade Film Festival (local filmmakers)
2002,Nashville
2002,Willy Wonka and the Chocolate Factory
2002,High Moon at Midnight
2002,"Sobibór, October 14, 1943, 4 p.m"
2002,Umberto D.
2002,Batman
2002,Storytelling
2002,Lola
2002,The Rocky Horror Picture Show
2002,The Believer
2002,Aliens
2002,Demetria Kalodimas Films: Friends Seen and Unseen; Injurious George
2002,Lagaan: Once Upon a Time in India
2002,The Piano Teacher
2002,Home Movie
2002,Heavy Metal Parking Lot
2002,Raiders of the Lost Ark
2002,Under the Skin (Local film)
2002,ABC Africa
2002,Star Trek II: The Wrath of Khan
2002,The Remembered City - Play
2002,Murderous Maids
2002,Heart of the World (short)
2002,The Big Chill
2002,The Process
2002,Baba
2002,CQ
2002,Stop Making Sense
2002,A Face in the Crowd (with Patricia Neal)
2002,BroadAxe Theatre: Conversations in a Time of Terror (Monologues)
2002,The Mystic Masseur
2002,The Gatekeeper
2002,Gangster No. 1
2002,I'm Going Home
2002,Pink Floyd: The Wall
2002,24 Hour Party People
2002,The Cockettes
2002,A Piece of Earth
2002,Hell House
2002,Ram Dass: Fierce Grace
2002,Ziggy Stardust and the Spiders from Mars
2002,BroadAxe Theatre: Karla
2002,The Rocky Horror Picture Show
2002,Scarlet Diva
2002,Exodus 1947
2002,The Komediant
2002,Train of Life
2002,Mah-Jongg: The Tiles that Bind
2002,"Shalom, Y'all"
2002,From Swastika to Jim Crow
2002,Divided We Fall
2002,Time of Favor
2002,The Producers
2002,People's Branch Theatre: Waiting for Godot
2002,I Am Trying to Break Your Heart
2002,Dinner and a Movie: Naturaleza Viva
2002,90 Miles
2002,Corpus Callosum
2002,La Ciénaga
2002,Biggie and Tupac
2002,The Trials of Henry Kissinger
2002,Metropolis
2002,It's A Wonderful Life
2002,Alias Betty
2002,Dekalog
2002,March of the Wooden Soldiers
2003,All or Nothing
2003,Bound for Glory
2003,The Sleepy Time Gal
2003,Stealing the Fire
2003,Two Towns of Jaspers
2003,Roll on Columbia
2003,The Rocky Horror Picture Show
2003,My American Girls
2003,"A Day's Work, A Day's Pay"
2003,The Gatekeeper
2003,Shangri-la Cafe
2003,Mai's America
2003,Under the Skin
2003,Americano's: The Latino Experience in the U.S.
2003,Y Tu Mama Tambien
2003,1 Giant Leap
2003,Rodger Dodger
2003,Roll on Columbia
2003,Bloody Sunday
2003,Man in the Sand
2003,In Praise of Love
2003,A Vision Shared
2003,Singing in the Rain
2003,Naqoyqatsi
2003,Seen...But Not Heard
2003,Merci Pour Le Chocolate
2003,The Rocky Horror Picture Show
2003,Personal Velocity
2003,Seven Samurai
2003,Standing in the Shadows of Motown
2003,Talk to Her
2003,Gangs of New York
2003,The Pianist
2003,Oscar Night America 2003
2003,The Workers
2003,Morvern Callar
2003,I Am Trying to Break Your Heart
2003,The Son
2003,Toxic Avenger IV: Citizen Toxie;
2003,Apocalypse Soon: The Making of Citizen Toxie;
2003,Slam
2003,4 Little Girls
2003,Ikiru
2003,Young Filmmakers Festival
2003,Rocky Horror Picture Show
2003,Daddy and Papa
2003,Russian Ark
2003,Ararat
2003,Interview with the Assassin
2003,Three Little Pigs
2003,City of God
2003,Gerry
2003,Amandla! A Revolution in Four Part Harmony
2003,Renegade Independant Film Festival
2003,Blind
2003,Spike & Mike's Sick and Twisted Animation Festival
2003,Divine Intervention
2003,Fulltime Killer
2003,Irreversible
2003,All the Real Girls
2003,The Rocky Horror Picture Show
2003,The Other Network Program One
2003,The Other Network Program Two
2003,The Guys
2003,Japon
2003,The Shape of Things
2003,The Other Network Program One
2003,The Other Network Program Two
2003,Nowhere in Africa
2003,The Sea
2003,Only the Strong Survive
2003,Dracula: Pages from a Virgin's Diary
2003,Stone Reader
2003,48 Hour Film Project
2003,The Man Without a Past
2003,Lilya 4-ever
2003,Cremaster 3
2003,Koi... Mil Gaya
2003,48 Hour Film Project
2003,"09'11""01 - September 11"
2003,Bhaji on the Beach
2003,Winged Migration
2003,Friday Night
2003,Melvin Goes to Dinner
2003,Rivers and Tides: Andy Goldsworthy Working with Time
2003,Radical Harmonies
2003,9 Dead Gay Guys
2003,School's Out: The Life of a Gay High School in Texas
2003,The Gift
2003,Suddenly (Tan de Repente)
2003,Webcam Boys
2003,Amasong Chorus: Singing Out
2003,Shorts program: LTR; Breaking Up Really Sucks; Give of Take an Inch; D.E.B.S.
2003,Flora's Garment Bursting into Bloom
2003,Buffalo Soldiers
2003,Madame Sata
2003,Aint Nothing but the Blues (Play)
2003,Southlander
2003,Bonhoeffer
2003,Franklin's Sweetheart
2003,The Magdalene Sisters
2003,The Heart of Me
2003,The 16mm Membership Celebration
2003,Demonlover
2003,The Rocky Horror Picture Show
2003,16mm Halloween Night Marathon
2003,Best in Show
2003,Just an American Boy
2003,To Be and To Have
2003,Stoked: The Rise and Fall of Gator
2003,Nashville Jewish Film Festival
2003,The Holy Land
2003,Bubba Ho-Tep
2003,Beyond Right & Wrong
2003,The Weather Underground
2003,Sylvia
2003,Ka Ho Naa Ho
2003,Carnage
2003,The Station Agent
2003,It's a Wonderful Life
2003,Elephant
2004,Die Mommie Die!
2004,Demon Sight
2004,The Goodbye Girl
2004,School of Rock
2004,Anji
2004,American Splendor
2004,Anji
2004,Lost in Translation
2004,Battle Royale
2004,Kill Bill Vol. 1
2004,Khakee
2004,O.T. Our Town
2004,City of God
2004,A Hard Day's Night
2004,In America
2004,Kids First! Film Festival
2004,The Rocky Horror Picture Show
2004,In My Skin
2004,Uncovered: The Whole Truth of the Iraq War
2004,My Architect
2004,Oscar Night America
2004,Charlie: The Life and Art of Charles Chaplin
2004,ADWA: An African Victory
2004,Astronauts Gone Wild
2004,Rush Night
2004,Civil Brand
2004,The Fog of War
2004,Malleswari
2004,Ali: Fear Eats the Soul
2004,La Commune (Paris 1871)
2004,Ten
2004,Unknown Pleasures
2004,Aileen: The Life and Death of a Serial Killer
2004,Modern Times
2004,Nashville Opera: The Barber of Seville
2004,Tokyo Godfathers
2004,The Bell Witch Haunting
2004,Banff Mountain Film Festival
2004,Bus 174
2004,The Animation Show
2004,Olde World Theatre Company: Snow White
2004,Eyes Without a Face
2004,The Barbarian Invasions
2004,The Revolution Will Not Be Televised
2004,Crimson Gold
2004,Ghost in the Shell
2004,Intermission
2004,"Good Bye, Lenin!"
2004,Eight-Thirty
2004,The Umbrellas of Cherbourg
2004,Main Hoon Na
2004,"The Angry Filmmaker's ""Kicking and Screaming"" Tour"
2004,The Company
2004,Main Hoon Ha
2004,A Closer Walk
2004,Monty Python's Life of Brian
2004,Olde World Theatre Company: The Emperor's New Clothes
2004,Twentynine Palms
2004,Pre-Madonna
2004,Ninja Scoll: Anime Night!
2004,The Battle of Algiers
2004,Bluegrass Journey
2004,Grease (Sing-Along)
2004,The Same River Twice
2004,The Films of Red Grooms
2004,The Royal Academy
2004,Monsieur Ibrahim
2004,Tibet: Cry of the Snow Lion
2004,Dev
2004,Kilowatts Ours
2004,Dogville
2004,The Return
2004,Lakshya
2004,Spriggan
2004,Uncovered: The Whole Truth About the Iraq War
2004,Word Wars
2004,The Agronomist
2004,The Saddest Music in the World
2004,Lost Boys of Sudan
2004,The Five Obstructions
2004,Bukowski: Born Into This
2004,48 Hour Film Project 
2004,Coffee and Cigarettes
2004,Godzilla
2004,Outfoxed
2004,Kyun! Ho Gaya Na
2004,Tom Dowd & the Language of Music
2004,The Corporation
2004,Once Upon a Time in the West
2004,High Noon
2004,WattStax
2004,The Hunting of the President
2004,"Maria, Full of Grace"
2004,Ghost in the Shell 2: Innocence
2004,Another Road Home
2004,A Dirty Shame
2004,The 39 Steps
2004,Little Shop of Horrors
2004,Gudumba Shankar
2004,People's Branch Theatre - The Idiot
2004,The Brown Bunny
2004,Sneak Preview: Way Far Out: Nashville Gay and Lesbian Film Fest
2004,The Toxic Avenger
2004,Dora the Explorer: Dora's Fairytale Adventure
2004,Seven Short Films by Steven Brussell
2004,Imelda
2004,Yojimbo
2004,Fab Four at the Belcourt
2004,Blue's Clues: Blue Stock
2004,Strega Nona
2004,Rise
2004,Eating Out
2004,Wild Side
2004,Rise Above: The Tribe 8 Documentary
2004,Masha Mom
2004,Cause of Death: Homophobia
2004,The Graffiti Artist
2004,The Cookie Project
2004,Dominatrix Waitrix
2004,Testosterone
2004,The Raspberry Reich
2004,Proteus
2004,Brother to Brother
2004,La Dolce Vita
2004,Playing Clandestine
2004,Perry's Wait
2004,The Absense of God
2004,Mystery Science Theatre 3000: Manos the Hands of Fate
2004,Mystery Science Theatre 3000: The Crawling Hand
2004,Cinderella (live performance)
2004,Night of the Living Dead
2004,Playtime
2004,Skarecrow
2004,Nicotina
2004,Election Results
2004,Bright Leaves
2004,Tarnation
2004,Cinderella (live performance)
2004,The Big Red One
2004,Retro TV
2004,Nashville Jewish Film Festival
2004,DiG!
2004,Ju-on: The Grudge
2004,Retro TV
2004,Veer-Zaara
2004,Donnie Darko: The Directors Cut
2004,When Will I Be Loved?
2004,I Want a Dog for Christmas
2004,Charlie Brown Christmas
2004,Dr. Strangelove
2004,The Guerrero Project
2004,All Dogs Christmas Carol
2004,Vodka Lemon
2004,Cowboy Bebop: The Movie
2004,Chanuka at Bubbe's
2004,The Christmas Orange
2004,It's a Wonderful Life
2004,White Christmas
2004,Dora's Christmas
2004,Bottle Rocket
2004,Rushmore
2004,Undertow
2004,Retro TV
2004,Goodfellas
2004,The Rocky Horror Picture Show
2004,Taxi Driver
2004,Retro TV
2005,Metallica: Some Kind of Monster
2005,Sex is Comedy
2005,Retro TV
2005,Notre Musique
2005,Control Room
2005,Balto III: Wings of Change
2005,A Tree of Palme
2005,Moolade
2005,Spongebob Saturday
2005,Before Sunset
2005,Overnight
2005,Rapunzel
2005,Los Angeles Plays Itself
2005,Cowards Bend the Knee
2005,Springtime in a Small Town
2005,Distant
2005,Au Hasard Balthazar
2005,F For Fake
2005,Confidential Report
2005,Eternal Sunshine of the Spotless Mind
2005,Rapunzel
2005,Superbowl Watch Party
2005,Nashville Premieres Best of 2004 Fest
2005,The Woodsman
2005,Au Hasard Balthazar
2005,Rapunzel
2005,Maria Full of Grace
2005,Kid's First Film Fest
2005,Anand
2005,Dear Mr. Cash
2005,Toe Roaster (Play)
2005,Tha Vagina Monologues (Play)
2005,The Jack Benny Hour (1965)
2005,Oscar Night America
2005,Hearts and Minds
2005,Guerilla: The Taking of Patty Hearst
2005,In The Realms of the Unreal
2005,The Spongebob Squarepants Movie
2005,Appleseed
2005,Train Ride
2005,Curious George Rides a Bike
2005,Gunner Palace
2005,Born into Brothels
2005,Nashville Opera present Hansel and Gretal
2005,Action Hero 2
2005,Nashville Symphony Woodwind Quintet
2005,Travellers and Magicians
2005,Sandlot 2
2005,BANFF Mountain Film Festival
2005,Ong-Bak: The Thai Warrior
2005,Sky Blue
2005,Two Brothers
2005,Peoples Branch Theatre: Cross-Dressing in the Depression
2005,Raging Bull
2005,Nashville Zoo on the Move
2005,Downfall
2005,Puss in Boots
2005,Oscar Nominated Shorts
2005,Masculine/Feminine
2005,Desert Sky: A Year in Iraq
2005,Head-On
2005,KAAL
2005,The Lost Dragon
2005,Oldboy
2005,Live from Bonnaroo 2004
2005,Schultze Gets the Blues
2005,The Animation Show
2005,Lipstick & Dynamite
2005,Enron: Smartest Guys in the Room
2005,Dora the Explorer
2005,Turtles Can Fly
2005,Clifford the Big Red Dog/ Danger Rangers Double Feature
2005,Bunty aur Babli
2005,Southern Haunts
2005,People's Branch Theatre: Madwoman of Chaillot 
2005,Wild Parrots of Telegraph Hill
2005,Days of Being Wild
2005,The Birds
2005,It's All Gone Pete Tong
2005,Two Brothers
2005,Parineeta
2005,Save the Green Planet
2005,Mysterious Skin
2005,We Jam Econo: The Story of the Minutemen
2005,The Holy Girl
2005,Paheli
2005,Heroin Town
2005,Casablanca
2005,Citizen Kane
2005,Mondovino
2005,Toute de Suite
2005,Sarkar
2005,East of Eden
2005,Rebel Without a Cause
2005,Searching for the Wrong-Eyed Jesus
2005,Kings and Queens
2005,Tell Them Who You Are
2005,Caterina in the Big City
2005,48 Hour Film Project
2005,Bailey's Billions
2005,Virrudh
2005,Last Days
2005,The Talent Given Us
2005,Aparichitudu
2005,Cronicas
2005,The Lost Dragon
2005,Shake Hands with the Devil: The Journey of Romeo Dallaire
2005,Los Olvidados
2005,Because of Winn-Dixie
2005,Me and You and Everyone We Know
2005,Mad Hot Ballroom
2005,Palindromes
2005,Blue's Clues: Blue's Big Musical Movie
2005,Yes
2005,Darwin's Nightmare
2005,Monterey Pop
2005,The Jeff Corwin Experience
2005,The Aristocrats
2005,Salaam Namaste
2005,Being Caribou
2005,Kilowatt Ours
2005,Manhattan Short Film Festival
2005,Il Gattopardo (The Leopard)
2005,Sympathy for Mr. Vengeance
2005,Shake Hands with the Devil: The Journey of Romeo Dallaire
2005,Barbie and the Magic of Pegasus
2005,Peoples Branch Theatre: 1984
2005,The Baxter
2005,The Conformist
2005,El Crimen Perfecto
2005,Reel Paradise
2005,Grizzly Man
2005,Athadu
2005,Suburban Tumbleweed
2005,Xperience
2005,Elevator to the Gallows
2005,Tony Takitani
2005,Miles Davis Sextet Isle of Wight
2005,The Tangerine Dream
2005,People's Branch Theatre: Party with the Undead
2005,Forty Shades of Blue
2005,The Rocky Horror Picture Show
2005,The Shining
2005,Alice in Wonderland
2005,Southern Haunts
2005,Night of the Living Dead
2005,Nashville Black Pride Film Festival
2005,Keane
2005,Paper Clips
2005,The Great Dictator
2005,Go For Zucker
2005,Dear Wendy
2005,William Eggleston in the Real World
2005,Stranded in Canton
2005,Ushpizin
2005,Vampyre Tales
2005,Touch the Sound
2005,Of Age
2005,The Untold Story of Emmett Louis Till
2005,Peoples Branch Theatre: Zombies Can't Climb
2005,Pickpocket
2005,Mouchette
2005,Protocols of Zion
2005,A Charlie Brown Christmas
2005,All Dogs Christmas Carol
2005,The Passenger (1975)
2005,It's a Wonderful Life
2005,Dora the Explorer: Dora's Christmas
2005,Annie Hall
2005,Looney Tunes
2005,Manhattan
2005,Mirrormask
2005,Miracle on 34th Street
2005,Raiders of the Lost Ark
2005,Paradise Now
2005,Pulse
2006,Ballets Russes
2006,Be Here to Love Me: A Film About Townes Van Zant
2006,The Personification of Luther
2006,Gay Sex in the 1970's
2006,The Dying Gaul
2006,The Aggressives
2006,Spongebob - Where's Gary
2006,Getting to Know You
2006,Jai Chiranjeevi
2006,My Summer of Love
2006,A History of Violence
2006,Wallace and Gromit: Curse of the Were-Rabbit
2006,Sarah Silverman: Jesus Is Magic
2006,Harakiri
2006,Sword of Doom
2006,Throne of Blood
2006,Samurai Rebellion
2006,Kill!
2006,Seven Samurai
2006,Rashomon
2006,Our Friend Martin
2006,Superbowl Party
2006,Bubble
2006,The Intruder
2006,Rang De Basanti
2006,Breakfast on Pluto
2006,Pinnochio
2006,Lawrence of Arabia
2006,A Good Woman
2006,The Vagina Monologues (theatre)
2006,The Godfather
2006,The Tell-Tale Heart
2006,March of the Penguins
2006,Oscar Night America
2006,Duel in the Sun
2006,3:10 to Yuma
2006,Tropical Malady
2006,Café Lumiere
2006,Ice Age
2006,Innocence
2006,The River
2006,Winter Soldier
2006,C.S.A.: The Confederate States of America
2006,Coachella: The Concert Film
2006,Anastasia
2006,People's Branch Theatre: Mother Courage & Her Children
2006,Tristram Shandy: A Cock and a Bull Story
2006,Nashville Opera Operanet: Little Red's Most Unusual Day
2006,Manderlay
2006,USN Theatre Guild: Baby with the Bathwater
2006,The Last Stand
2006,Red Dust
2006,Filhas Do Vento 
2006,The Boys of Baraka
2006,The Future of Food
2006,Through a Glass Darkly
2006,Winter Light
2006,Party Time with Max and Ruby
2006,The Silence
2006,Unknown White Male
2006,Classe Tous Risques
2006,A Boy Named Charlie Brown
2006,Music From the Inside Out
2006,Sophie Scholl: The Final Days
2006,Tsotsi
2006,The Notorious Bettie Page
2006,Sir! No Sir!
2006,Dora the Explorer: Dora's First Trip
2006,Tucker's World
2006,I Am A Sex Addict
2006,Barbie Diaries
2006,The Beauty Academy of Kabul
2006,Blue Velvet
2006,My Dad is 100 Years Old (Short)
2006,Blues Clues: Blues Jobs
2006,The Death of Mr.Lazarescu
2006,Nanny McPhee
2006,A Prairie Home Companion
2006,Cheaper by the Dozen 2
2006,Fallen Angel: Gram Parsons
2006,Our Brand Is Crisis
2006,District B13
2006,Fanaa
2006,Dr. Doolittle 3
2006,Chup Chup Ke
2006,The Gospel According to Marquee
2006,Paper Clips
2006,The Amun Ra Theatre Presents God's Trombones
2006,Lady Vengeance
2006,Krrish
2006,Dark Side of the Rainbow
2006,The Wizard of Oz
2006,"Awesome, I... Shot That!"
2006,The Devil & Daniel Johnston
2006,Wallace and Gromit: Curse of the Were-Rabbit
2006,Evil Dead 2
2006,Strangers With Candy
2006,The Planet of the Apes
2006,The Second Chance
2006,The Land
2006,Clerks
2006,Dreamer
2006,Drawing Restraint 9
2006,Pee Wee's Big Adventure
2006,48 Hour Film Project
2006,The Fallen Idol
2006,The War Tapes
2006,Crumb
2006,The Frog Prince
2006,March of the Penguins
2006,Breakin' 2: Electric Boogaloo
2006,Gone With the Wind
2006,Wassup Rockers
2006,The Frog Prince
2006,Omkara
2006,Nanny McPhee (Outdoor Movie)
2006,Nassar 56
2006,Army of Shadows
2006,Leonard Cohen: I'm Your Man
2006,Blues Clues: Blue's Biggest Show
2006,"The Good, the Bad & the Ugly"
2006,The Road to Guantanamo
2006,The Goonies
2006,The Man Who Knew Too Much
2006,Kabhi Alvitha Naa Kehna
2006,Overlord
2006,Reservoir Dogs
2006,12 and Holding
2006,Quinceanera
2006,Akeelah and the Bee (Outdoor Movie)
2006,Brothers of the Head
2006,2001: A Space Odyssey
2006,A Clockwork Orange
2006,Dr. Strangelove
2006,Susannah of the Mounties
2006,The Adventures of Priscilla: Queen of the Desert
2006,The Dish
2006,2006 Manhattan Short Film Festival
2006,Casablanca
2006,Darfur Diaries
2006,Gabrielle
2006,Donnie Darko: The Directors Cut
2006,Thomas the Tank Engine & Friends
2006,Heading South
2006,Major Dundee
2006,Dora the Explorer: We're the Team
2006,Trapped in the Closet (Chapters 1-12)
2006,Swing Time
2006,13 Tzameti
2006,Loose Change
2006,"People's Branch Theatre: ""Rhinoceros"""
2006,America: Freedom to Fascism
2006,Nashville
2006,The Big Lebowski
2006,Arthur's Missing Pals
2006,The Wild Blue Yonder
2006,Iraq for Sale: the War Profiteers
2006,The Searchers
2006,This Film Is Not Yet Rated
2006,Black Gold
2006,Jumping Off Bridges
2006,"It's The Great Pumpkin, Charlie Brown"
2006,Sierra Leone's Refugee All Stars
2006,Blood Oath
2006,Days of Heaven
2006,Mutual Appreciation
2006,Ghostbusters
2006,Reel Rock: Dosage Vol IV/ First Ascent
2006,Shortbus
2006,Anomaly
2006,The Rocky Horror Picture Show
2006,My Morning Jacket: Okonokos
2006,Un Becoming
2006,49 Up
2006,The Princess Bride
2006,Old Joy
2006,Rio Bravo
2006,To A Tee
2006,Requiem
2006,Red River
2006,Pollyworld
2006,Live and Become
2006,Everything is Illuminated
2006,Monday Matinee
2006,A Journey of Spirit
2006,The Ritchie Boys
2006,The Rage of Europa
2006,The Forgotten Refugees/The Jews of Iran
2006,Shtetl to Swing
2006,The second annual Kathryn H. Gutow Student Film Competition
2006,Local Call
2006,Renaissance
2006,Fear and Loathing in Las Vegas
2006,The Treasure of the Sierra Madre
2006,FUR: An Imaginary Portrait of Diane Arbus
2006,People's Branch Theatre: Matt & Ben
2006,Maltese Falcon
2006,Over the Hedge
2006,North by Northwest
2006,Gremlins
2006,Brought Me This Far
2006,Before the Music Dies
2006,Dhoom 2
2006,A Guide to Recognizing Your Saints
2006,Notorious
2006,Satantango
2006,A Scanner Darkly
2006,It's A Wonderful Life
2006,Baabul
2006,The Descent
2006,Half Nelson
2006,The Science of Sleep
2006,Mr. Smith Goes to Washington
2006,And Now for Something Completely Different
2006,Brasil
2006,Monty Python's Life of Brian
2006,Monty Python and the Holy Grail
2006,Tideland
2007,The Rules of the Game
2007,Cleo From 5 to 7
2007,Sansho the Bailiff
2007,Barnyard
2007,Kwaidan
2007,Earrings of Madame de…
2007,Knife in the Water
2007,Death of a Cyclist
2007,Climates 
2007,The Lady Vanishes
2007,Walkabout
2007,The Last Unicorn
2007,Black Orpheus
2007,Pan's Labyrinth
2007,Summer with Monika
2007,WR: The Mysteries of the Organism
2007,Viridiana
2007,Spirit of the Beehive
2007,La Strada
2007,Seven Samurai
2007,Aladdin
2007,Fires on the Plain
2007,Gimme Shelter
2007,High and Low
2007,Aladdin
2007,The Cranes Are Flying
2007,Existo
2007,Fylmz Festival
2007,The Seventh Seal
2007,Aladdin
2007,Salaam E Ishq
2007,Day of Wrath
2007,Koyaanisqatsi
2007,Thin Blue Line
2007,Kundun
2007,Four Eyed Monster
2007,The 400 Blows
2007,Antoine and Collette
2007,The Hidden Fortress
2007,Beauty and the Beast
2007,Wild Strawberries
2007,Laura (1944)
2007,Oscar Night America
2007,Children of Paradise
2007,Jules and Jim
2007,Inland Empire
2007,Eklavya
2007,People's Branch Theatre: Hanging Mary 
2007,Two or Three Things I Know About Her
2007,Cantor's Tale
2007,Mafioso
2007,An Unreasonable Man
2007,The Host
2007,Banff Mountain Film Festival
2007,Il Posto
2007,Starbucking
2007,The Animation Show 3
2007,Everyone's Hero
2007,Diary of a Country Priest
2007,Namastey London
2007,Charlotte's Web
2007,Flowers of St. Francis 
2007,The Fear Within
2007,The Wind That Shakes the Barley
2007,Drunken Angel
2007,A Fistful of Dollars
2007,Samurai Saga
2007,Sanjuro
2007,Three Outlaw Samurai
2007,Yojimbo
2007,Collateral Damage
2007,The Pied Piper
2007,The Page Turner
2007,Tears of the Black Tiger
2007,Zazie Dans Le Metro
2007,The Last Confederate: The Story of Robert Adams
2007,Air Guitar Nation
2007,The Pied Piper
2007,Ta Ra Rum Pum
2007,Ugetsu
2007,Woman in the Dunes
2007,Miss Potter
2007,The Pied Piper
2007,Mon Oncle
2007,People's Branch Theatre: Lysistrata
2007,Late Spring
2007,Into Great Silence
2007,The Last Confederate: The Story of Robert Adams
2007,Red Road
2007,Summertime
2007,Gay Film Night
2007,Private Fears in Public Places
2007,Rock the Bells
2007,Strangers on a Train
2007,Zoo
2007,Dial M for Murder
2007,Killer of Sheep
2007,The Day the Earth Stood Still
2007,Triad Election
2007,Grease Sing-A-Long
2007,To Catch a Thief
2007,You're Gonna Miss Me
2007,Student Films Across America
2007,Crazy Love
2007,El Topo
2007,The Holy Mountain
2007,Side Sho
2007,Vertigo
2007,La Vie En Rose
2007,Psycho
2007,Bamako
2007,Paris Je T'Aime
2007,Stage Fright
2007,Plan 9 from Outer Space
2007,Suspicion
2007,David & Layla
2007,The 39 Steps
2007,Black Sheep
2007,Rear Window
2007,Brand Upon the Brain!
2007,48 Hour Film Project
2007,Black Girl / Borom Sarret
2007,Gypsy Caravan
2007,Ten Canoes
2007,Mafioso
2007,The 3-Headed Monster
2007,Xala
2007,Prism
2007,Ceddo
2007,Prism
2007,This Is England
2007,The Ten
2007,The Elves and the Shoemaker
2007,Moolaade
2007,The 11th Hour
2007,The Elves and the Shoemaker
2007,Band of Outsiders
2007,Next Big Nashville film program
2007,Devil Came on Horseback
2007,The Elves and the Shoemaker
2007,The Forbidden Planet
2007,Breathless
2007,The King of Kong: A Fistful of Quarters
2007,Weekend
2007,Lady Chatterley
2007,Contempt
2007,Interview
2007,Pierrot le Fou
2007,Taxi to the Dark Side
2007,The Adventures of Robin Hood
2007,Once
2007,Strange Culture
2007,The Last Winter
2007,War/Dance
2007,Sundance Film Festival 2007 Short Films
2007,E.T. The Extra Terrestrial
2007,To Kill a Mockingbird
2007,Billy the Kid
2007,We Are Together (Thina Simunye) 
2007,Great World of Sound
2007,Kilowatt Ours: A Plan to Reenergize America
2007,The Lady Eve
2007,The Business of Being Born
2007,Meeting Resistance
2007,Lake of Fire
2007,5th Annual Black LGBT Film and Cultural Festival
2007,The Rocky Horror Picture Show
2007,Dead Alive
2007,Shudder
2007,Buddha's Lost Children
2007,Kurt Cobain: About a Son
2007,Dead Alive
2007,Monkey Business
2007,Deep Water
2007,The Jerk
2007,Strange Culture
2007,Uncounted: The New Math of American Elections
2007,Before the Devil Knows You're Dead
2007,The Martin
2007,Metropolis
2007,I'm Not There
2007,The Last Waltz
2007,West Side Story
2007,Duck Soup
2007,The Other Side of the Mirror: Bob Dylan Live at the Newport Folk Festival 1963-65
2007,Don't Look Back
2007,Sleepaway Camp
2007,Meet Me in St. Louis
2007,People's Branch Theatre: The Mystery of Irma Vep
2007,Joe Strummer: The Future Is Unwritten
2007,Red Balloon
2007,White Mane
2007,Masked & Anonymous
2007,Pat Garrett & Billy the Kid
2007,Die Hard
2007,Margot at the Wedding
2007,Pigs and Battleships
2007,Insect Woman
2007,The Pornographers
2007,The Profound Desire of the Gods
2007,It's A Wonderful Life
2007,Ran
2008,Vengeance is Mine
2008,Black Rain
2008,Kagemusha
2008,Blade Runner: the Final Cut
2008,Jimmy Carter Man From Plains
2008,The Orphanage
2008,Dersu Uzala
2008,The Diving Bell and the Butterfly
2008,Fast Times at Ridgemont High
2008,Dreams
2008,The Three Little Pigs
2008,Touch of Evil
2008,Out of the Past
2008,Sixteen Candles
2008,Uncounted
2008,The Long Goodbye
2008,People's Branch Theatre: Death and the Maiden
2008,Kiss Me Deadly
2008,In A Lonely Place
2008,The Killing
2008,The Taking of Pelham One Two Three
2008,The Maltese Falcon
2008,The Big Sleep
2008,The 2007 Oscar Shorts (Animated)
2008,The 2007 Oscar Shorts (Live)
2008,Airplane
2008,Fahrenheit 451
2008,Do I Look Fat?
2008,DOUBLE INDEMNITY (1944)
2008,SUNSET BOULEVARD (1950)
2008,CHINATOWN (1974)
2008,POINT BLANK (1967)
2008,Oscar Night America
2008,BLOW OUT (1981)
2008,BLOWUP (1966)
2008,CONTROL
2008,TAXI DRIVER (1976)
2008,MEAN STREETS (1973)
2008,THE BIG HEAT (1953)
2008,THE SIGNAL
2008,ROPE (1948)
2008,DIVA (1981)
2008,THE BANDS VISIT
2008,BEETLEJUICE (1988)
2008,CLASH OF THE TITANS (1981)
2008,DIARY OF THE DEAD
2008,"4 Months, 3 Weeks and 2 Days"
2008,THE HAUNTING (1963)
2008,SHAUN OF THE DEAD (2004)
2008,LET'S GET LOST (1988)
2008,VALERIE AND HER WEEK OF WONDERS (1970)
2008,PARANOID PARK
2008,SOLARIS (1972)
2008,MALLRATS (1995)
2008,SNOW ANGELS
2008,PINK PANTHER (1963)
2008,ERASERHEAD (1977)
2008,THE PHILADELPHIA STORY (1940)
2008,PULP FICTION (1994)
2008,LAST YEAR AT MARIENBAD (1961)
2008,GIRLS ROCK!
2008,ZEITGEIST
2008,SHOTGUN STORIES
2008,STAR TREK II: THE WRATH OF KHAN (1982)
2008,BOARDING GATE
2008,BODY OF WAR
2008,PLANET B-BOY
2008,MISTER LONELY with director HARMONY KORINE
2008,MISTER LONELY
2008,THE POINT (1972)
2008,THE LONELY (2008)
2008,LAND OF SILENCE AND DARKNESS (1971)
2008,GUMMO (1997)
2008,JULIEN DONKEY BOY (1999)
2008,SON OF RAMBOW
2008,HUSBANDS (1970)
2008,MAUVAIS SANG (1986)
2008,ALI: FEAR EATS THE SOUL (1974)
2008,CHOP SHOP
2008,"AGUIRRE, THE WRATH OF GOD (1973)"
2008,RAIDERS OF THE LOST ARK ADAPTATION
2008,FLIGHT OF THE RED BALLOON
2008,FIGHT CLUB
2008,"NOSFERATU, THE VAMPYRE (1979)"
2008,MY BROTHER IS AN ONLY CHILD
2008,SURFWISE
2008,FITZCARRALDO (1982)
2008,REPO MAN (1984)
2008,STANDARD OPERATING PROCEDURE
2008,UP THE YANGTZE
2008,COBRA VERDE (1987)
2008,MY NAME IS ALBERT AYLER
2008,GLASS: A PORTRAIT OF PHILIP IN 12 PARTS
2008,MONGOL
2008,MY BEST FIEND (1999)
2008,NOTE BY NOTE: THE MAKING OF A STEINWAY L1037
2008,ROCKY HORROR PICTURE SHOW WITH CAST
2008,ANIMATION SHOW 4
2008,DR. NO
2008,CONSTANTINE'S SWORD
2008,REPRISE
2008,FROM RUSSIA WITH LOVE (1963)
2008,RAISING ARIZONA (1987)
2008,GOLDFINGER (1964)
2008,ENCOUNTERS AT THE END OF THE WORLD
2008,GONZO: THE LIFE AND WORK OF DR. HUNTER S. THOMPSON
2008,THUNDERBALL (1965)
2008,BETTER OFF DEAD (1985)
2008,DIAMONDS ARE FOREVER (1971)
2008,BRICK LANE
2008,SAVAGE GRACE
2008,CASINO ROYALE (1967)
2008,DAZED AND CONFUSED (1993)
2008,MY WINNEPEG
2008,MAN ON WIRE
2008,LIVE AND LET DIE (1973)
2008,TELL NO ONE
2008,THE MAN WITH THE GOLDEN GUN (1974)
2008,WET HOT AMERICAN SUMMER
2008,THE LAST MISTRESS
2008,THE SPY WHO LOVED ME
2008,THE EXILES (1961/2008)
2008,ANIMAL HOUSE (1978)
2008,THE EXILES (1961)
2008,CHAPLIN SHORTS 1914-1917
2008,CHAPLIN SHORTS 1917-1921
2008,BOUDU SAVED FROM DROWNING (1931)
2008,THE GRAPES OF WRATH (1940)
2008,SULLIVAN’S TRAVELS (1941)
2008,MIRACLE IN MILAN (1951)
2008,THAT TENNESSEE BEAT (1966)
2008,MIDNIGHT COWBOY (1969)
2008,WHAT WE DO IS SECRET
2008,BOUND FOR GLORY (1976)
2008,"VAGABOND (Sans toit ni loi, 1985)"
2008,DARK DAYS (2000)
2008,"AGILE, MOBILE, HOSTILE: A YEAR WITH ANDRE WILLIAMS"
2008,CITY LIGHTS (1931)
2008,TROUBLE THE WATER
2008,THE WARRIORS (1979)
2008,WATCH OUT
2008,BATTLE IN SEATTLE
2008,STRANGE BREW (1983)
2008,CHRISTMAS ON MARS
2008,THE MANCHURIAN CANDIDATE (1962)
2008,SECRECY
2008,MOMMA'S MAN
2008,REPULSION (1963)
2008,THE ORDER OF MYTHS
2008,FLOW: FOR LOVE OF WATER
2008,POULTRYGEIST: NIGHT OF THE CHICKEN DEAD
2008,ROSEMARY'S BABY (1968)
2008,THE SHINING (1980)
2008,SUKIYAKI WESTERN DJANGO
2008,THE ROCKY HORROR PICTURE SHOW with Cast
2008,FULL METAL JACKET (1987)
2008,A Girl Cut in Two
2008,SPARTACUS (1960)
2008,The Magic Flute (1975)
2008,A Clockwork Orange
2008,HAPPY-GO-LUCKY
2008,BARRY LYNDON (1975)
2008,THE MUPPET MOVIE (1979)
2008,KILLER'S KISS (1955)
2008,TROLL 2 (1990)
2008,DEAR ZACHARY
2008,LOLITA (1962)
2008,2001: A Space Odyssey
2008,LET THE RIGHT ONE IN
2008,PATHS OF GLORY (1957)
2008,EYES WIDE SHUT (1999)
2008,JCVD
2008,THE LOST BOYS (1987)
2008,THE KILLING (1956)
2008,DR STRANGELOVE or: HOW I LEARNED TO STOP WORRYING
2008,BAD SANTA (2003)
2008,A Christmas Tale
2008,ITS A WONDERFUL LIFE (1946)
2008,THE LORD OF THE RINGS: Fellowship of the Ring
2008,THE LORD OF THE RINGS: The Two Towers
2008,THE LORD OF THE RINGS: Return of the King
2008,THE LORD OF THE RINGS TRILOGY w/ MIddle Earth Meal
2008,BACK TO THE FUTURE (1985)
2009,VIVRE SA VIE (1962)
2009,FROZEN RIVER
2009,TIMECRIMES
2009,PATTI SMITH: DREAM OF LIFE
2009,CONTEMPT (1963)
2009,Repo! The Genetic Opera
2009,BALLAST
2009,2008 SUNDANCE FILM FESTIVAL SHORTS PACKAGE
2009,"KARATE KID, THE (1984)"
2009,LOLA MONTES (1963)
2009,"SYNECDOCHE, NEW YORK"
2009,"EDGE OF HEAVEN, THE"
2009,THE WILD CHILD (1970)
2009,Che: Roadshow Edition
2009,ROBOCOP (1987)
2009,WALTZ WITH BASHIR
2009,SOME LIKE IT HOT (1959)
2009,WENDY & LUCY
2009,PLANET OF THE APES (1968)
2009,Friday the 13th: The Final Chapter (1984)
2009,MONSIEUR VERDOUX (1947)
2009,OSCAR NOMINATED SHORT FILMS 2009: Animation
2009,OSCAR NOMINATED SHORT FILMS 2009: Live Action
2009,SHOOT THE PIANO PLAYER (1960)
2009,HALF BAKED (1998)
2009,TWO LOVERS
2009,THE GODFATHER: The Coppola Restoration
2009,AZUR AND AZMAR (2006)
2009,"THE GODFATHER, PART II: The Coppola Restoration"
2009,SILENT LIGHT
2009,BOOGIE NIGHTS (1997)
2009,AMARCORD (1974)
2009,FANBOYS
2009,GOMORRAH
2009,"IRON GIANT, THE (1999)"
2009,"THE HUMAN CONDITION, Part I: No Greater Love (1959"
2009,"THE HUMAN CONDITION, Part II: Road to Eternity"
2009,"THE HUMAN CONDITION, Part III"
2009,TEENAGE MUTANT NINJA TURTLES (1990)
2009,MADE IN U.S.A. (1966)
2009,THE GREAT BUCK HOWARD
2009,SCOTT WALKER: 30 CENTURY MAN
2009,GUYS AND DOLLS (1955)
2009,Rocky Horror Picture Show / Cast
2009,"HARVARD BEATS YALE, 29-29"
2009,AN AMERICAN IN PARIS (1951)
2009,THE BETRAYAL (Nerakhoon)
2009,EXAMINED LIFE
2009,EVERLASTING MOMENTS
2009,MY NEIGHBOR TOTORO (1988)
2009,SINGIN' IN THE RAIN (1952)
2009,TEXAS CHAINSAW MASSACRE
2009,HUNGER
2009,SEVEN BRIDES FOR SEVEN BROTHERS (1954)
2009,TULPAN
2009,ROMAN HOLIDAY (1953)
2009,TOKYO!
2009,SHALL WE KISS?
2009,CARRIE (1976)
2009,BREAKFAST AT TIFFANY'S (1961)
2009,LYMELIFE
2009,SABRINA (1961)
2009,BILL & TED'S EXCELLENT ADVENTURE (1989)
2009,ANVIL! THE STORY OF ANVIL
2009,"GIRLFRIEND EXPERIENCE, THE"
2009,Anvil! The Story of Anvil
2009,ANVIL! THE STORY OF ANVIL SCREENING AND LIVE PERFORMANCE
2009,MY FAIR LADY (1964)
2009,TOKYO SONATA
2009,SUGAR
2009,VALENTINO: THE LAST EMPEROR
2009,"FIFTH ELEMENT, THE (1997)"
2009,"SEARCHERS, THE (1956)"
2009,"BIG SKY, THE (1956)"
2009,BJORK’S VOLTAIC: THE VOLTA TOUR LIVE IN PARIS
2009,"NEVERENDING STORY, THE (1984)"
2009,IL DIVO
2009,SUMMER HOURS
2009,WINCHESTER ’73 (1950)
2009,"Food,INC"
2009,Double Feature: RIDE LONESOME and COMANCHE STATIO
2009,"END OF THE LINE, THE"
2009,PRESSURE COOKER
2009,"GARDEN, THE"
2009,CHERI
2009,"MAGNIFICENT SEVEN, THE (1960)"
2009,MOON
2009,THE WILD BUNCH (1969)
2009,Teen Wolf (1985)
2009,LITTLE ASHES
2009,MCCABE AND MRS. MILLER (1971)
2009,TETRO
2009,LITTLE BIG MAN (1970)
2009,HUMPDAY
2009,HOUSE (aka Hausu)
2009,A FISTFUL OF DOLLARS (1964)
2009,ADORATION
2009,GOODBYE SOLO
2009,FOR A FEW DOLLARS MORE (1965)
2009,THE WIZ (1978)
2009,HOUSE (aka Hausu)
2009,IN THE LOOP
2009,"THE GOOD, THE BAD & THE UGLY (1966)"
2009,DEPARTURES
2009,THE COVE
2009,"DUCK, YOU SUCKER! (aka A FISTFUL OF DYNAMITE"
2009,THROW DOWN YOUR HEART
2009,WILD AT HEART (1990)
2009,RASHOMON (1950)
2009,ONCE UPON A TIME IN THE WEST (1968)
2009,"DIED YOUNG, STAYED PRETTY - Director Eileen Yaghoo"
2009,OUTRAGE
2009,SERAPHINE
2009,Z (1968)
2009,SATURDAY NIGHT FEVER (1977)
2009,TONY MANERO
2009,LAWRENCE OF ARABIA (1962)
2009,OBJECTIFIED
2009,THE BAADER MEINHOF COMPLEX
2009,ANDREI RUBLEV (1966)
2009,IT MIGHT GET LOUD
2009,THE BIG LEBOWSKI (1998)
2009,THE MIRROR (1975)
2009,BRIGHT STAR
2009,INVASION OF THE BODY SNATCHERS (1978)
2009,THE THING (1982)
2009,"HEADLESS WOMAN, THE"
2009,THE BROOD (1979)
2009,BIG FAN
2009,ALIEN: The Director’s Cut (1979/2003)
2009,THE ROOM (2003)
2009,JAWS (1975)
2009,ART & COPY
2009,The Rocky Horror Picture Show (1975) with cast
2009,SCREAM BLACULA SCREAM (1973)
2009,BRONSON
2009,COCO BEFORE CHANEL
2009,FERRIS BUELLER’S DAY OFF (1986)
2009,A STREETCAR NAMED DESIRE (1973)
2009,35 SHOTS OF RUM
2009,"HOUSE OF THE DEVIL, THE"
2009,PANIC IN THE STREETS (1950)
2009,ROAD HOUSE (1989)
2009,ANTICHRIST
2009,THE MESSENGER
2009,ON THE WATERFRONT (1955)
2009,RED CLIFF
2009,EAST OF EDEN (1955)
2009,REVANCHE
2009,FEMALE TROUBLE (1974)
2009,THE ROOM (2003)
2009,REBEL WITHOUT A CAUSE (1955)
2009,2009 SUNDANCE SHORTS
2009,THE YES MEN FIX THE WORLD
2009,GIANT (1956)
2009,THE BEACHES OF AGNES
2009,IT'S A WONDERFUL LIFE
2009,ME AND ORSON WELLES
2009,BLACK CHRISTMAS (1974)
2009,BAD LIEUTENANT: PORT OF CALL NEW ORLEANS
2009,GONE WITH THE WIND (1939)